wordpress_id,old_url,new_url,title,source_guid
30,https://diff.im/blog/?p=30,/blog/2007/11/靠信心生活/,靠信心生活,http://www.wangwangwang.org/blog/?p=30
691,https://diff.im/blog/?p=691,/blog/2007/11/离开了/,离开了,http://www.wangwangwang.org/blog/?p=27
41,https://diff.im/blog/?p=41,/blog/2008/01/stay-hungry-stay-foolish/,Stay hungry stay foolish,http://www.wangwangwang.org/blog/?p=41
57,https://diff.im/blog/?p=57,/blog/2008/03/靠主知足常乐/,靠主知足常乐,http://www.wangwangwang.org/blog/?p=57
70,https://diff.im/blog/?p=70,/blog/2008/04/想到了就要去做/,想到了就要去做,http://www.wangwangwang.org/i/?p=70
71,https://diff.im/blog/?p=71,/blog/2008/04/受洗/,受洗,http://www.wangwangwang.org/i/?p=71
89,https://diff.im/blog/?p=89,/blog/2008/06/大雨/,大雨,http://www.wangwangwang.org/i/?p=89
694,https://diff.im/blog/?p=694,/blog/2007/12/理想/,理想,http://www.wangwangwang.org/blog/?p=31
696,https://diff.im/blog/?p=696,/blog/2008/01/关于简单/,关于简单,http://www.wangwangwang.org/blog/?p=40
698,https://diff.im/blog/?p=698,/blog/2008/01/2007/,2007,http://www.wangwangwang.org/blog/?p=44
699,https://diff.im/blog/?p=699,/blog/2008/01/杭州雪/,杭州雪,http://www.wangwangwang.org/blog/?p=46
700,https://diff.im/blog/?p=700,/blog/2008/02/08春节/,08春节,http://www.wangwangwang.org/blog/?p=47
703,https://diff.im/blog/?p=703,/blog/2008/03/就让我残忍一次/,就让我残忍一次,http://www.wangwangwang.org/blog/?p=56
705,https://diff.im/blog/?p=705,/blog/2008/03/植物园松鼠树还有以前画的怪物/,植物园松鼠树还有以前画的怪物,http://www.wangwangwang.org/i/?p=61
707,https://diff.im/blog/?p=707,/blog/2008/03/青芝坞论坛/,青芝坞论坛,http://www.wangwangwang.org/i/?p=65
710,https://diff.im/blog/?p=710,/blog/2008/04/祷告与生活/,祷告与生活,http://www.wangwangwang.org/i/?p=72
712,https://diff.im/blog/?p=712,/blog/2008/04/杭州植物园/,杭州植物园,http://www.wangwangwang.org/i/?p=78
713,https://diff.im/blog/?p=713,/blog/2008/05/一些原则/,一些原则,http://www.wangwangwang.org/i/?p=79
714,https://diff.im/blog/?p=714,/blog/2008/05/还是信仰/,还是信仰,http://www.wangwangwang.org/i/?p=84
715,https://diff.im/blog/?p=715,/blog/2008/05/梦0531/,梦0531,http://www.wangwangwang.org/i/?p=85
716,https://diff.im/blog/?p=716,/blog/2008/05/夜骑西湖0529/,夜骑西湖0529,http://www.wangwangwang.org/i/?p=86
717,https://diff.im/blog/?p=717,/blog/2008/06/我受伤了但.../,"我受伤了,但...",http://www.wangwangwang.org/i/?p=88
90,https://diff.im/blog/?p=90,/blog/2008/06/求你指教我们怎样数算自己的日子好叫我们得着智慧的心/,求你指教我们怎样数算自己的日子，好叫我们得着智慧的心,http://www.wangwangwang.org/i/?p=90
131,https://diff.im/blog/?p=131,/blog/2009/01/我的利百加/,我的利百加,http://www.wangwangwang.org/i/?p=131
132,https://diff.im/blog/?p=132,/blog/2009/01/关于婚礼/,关于婚礼,http://www.wangwangwang.org/i/?p=132
135,https://diff.im/blog/?p=135,/blog/2009/01/新年记事/,新年记事,http://www.wangwangwang.org/i/?p=135
157,https://diff.im/blog/?p=157,/blog/2009/02/姑娘/,姑娘,http://www.wangwangwang.org/i/?p=157
184,https://diff.im/blog/?p=184,/blog/2009/03/结婚啦/,结婚啦！,http://www.wangwangwang.org/i/?p=184
216,https://diff.im/blog/?p=216,/blog/2009/04/4月18号杭州婚礼/,4月18号杭州婚礼,http://www.wangwangwang.org/i/?p=216
221,https://diff.im/blog/?p=221,/blog/2009/04/蜜月/,蜜月,http://www.wangwangwang.org/i/?p=221
254,https://diff.im/blog/?p=254,/blog/2009/05/最近的生活/,最近的生活,http://www.wangwangwang.org/i/?p=254
260,https://diff.im/blog/?p=260,/blog/2009/05/狐狸兔/,狐狸兔,http://www.wangwangwang.org/i/?p=260
277,https://diff.im/blog/?p=277,/blog/2009/06/胡萝卜飞船-ht-07号/,胡萝卜飞船 HT 07号,http://www.wangwangwang.org/i/?p=277
306,https://diff.im/blog/?p=306,/blog/2009/07/做一个设计师/,做一个设计师,http://www.wangwangwang.org/i/?p=306
325,https://diff.im/blog/?p=325,/blog/2009/07/代价/,代价,http://www.wangwangwang.org/i/?p=325
332,https://diff.im/blog/?p=332,/blog/2009/07/gtd学习中.../,GTD学习中...,http://www.wangwangwang.org/i/?p=332
719,https://diff.im/blog/?p=719,/blog/2008/08/跨出一步/,跨出一步,http://www.wangwangwang.org/i/?p=92
723,https://diff.im/blog/?p=723,/blog/2008/12/晚秋/,晚秋,http://www.wangwangwang.org/i/?p=106
726,https://diff.im/blog/?p=726,/blog/2008/12/再见杭州/,再见，杭州,http://www.wangwangwang.org/i/?p=130
727,https://diff.im/blog/?p=727,/blog/2009/04/婚纱照/,婚纱照,http://www.wangwangwang.org/i/?p=202
728,https://diff.im/blog/?p=728,/blog/2009/06/练习写字/,练习写字,http://www.wangwangwang.org/i/?p=268
729,https://diff.im/blog/?p=729,/blog/2009/07/练习/,练习,http://www.wangwangwang.org/i/?p=318
378,https://diff.im/blog/?p=378,/blog/2009/08/雅井/,雅井,http://www.wangwangwang.org/i/?p=378
405,https://diff.im/blog/?p=405,/blog/2009/09/2u发布/,2U发布,http://www.wangwangwang.org/i/?p=405
446,https://diff.im/blog/?p=446,/blog/2009/09/来自cj的邮件/,来自CJ的邮件,http://www.wangwangwang.org/i/?p=446
451,https://diff.im/blog/?p=451,/blog/2009/09/life-without-limbs/,Life Without Limbs,http://www.wangwangwang.org/i/?p=451
477,https://diff.im/blog/?p=477,/blog/2009/10/过去圣徒的祷告/,过去圣徒的祷告,http://www.wangwangwang.org/i/?p=477
497,https://diff.im/blog/?p=497,/blog/2009/11/感谢主/,感谢主,http://www.wangwangwang.org/i/?p=497
501,https://diff.im/blog/?p=501,/blog/2009/11/设计的过程/,设计的过程,http://www.wangwangwang.org/i/?p=501
504,https://diff.im/blog/?p=504,/blog/2009/11/平面设计技法/,平面设计技法,http://www.wangwangwang.org/i/?p=504
510,https://diff.im/blog/?p=510,/blog/2009/11/随便说说/,随便说说,http://www.wangwangwang.org/i/?p=510
515,https://diff.im/blog/?p=515,/blog/2009/11/大音希声大象无形/,大音希声，大象无形,http://www.wangwangwang.org/i/?p=515
523,https://diff.im/blog/?p=523,/blog/2009/11/hulitu-dark/,Hulitu-Dark,http://www.wangwangwang.org/i/?p=523
546,https://diff.im/blog/?p=546,/blog/2009/12/老不死/,老不死,http://www.wangwangwang.org/i/?p=546
549,https://diff.im/blog/?p=549,/blog/2009/12/节制/,节制,http://www.wangwangwang.org/i/?p=549
552,https://diff.im/blog/?p=552,/blog/2009/12/与易总对话/,与易总对话,http://www.wangwangwang.org/i/?p=552
554,https://diff.im/blog/?p=554,/blog/2009/12/谁能敌挡我们/,谁能敌挡我们?,http://www.wangwangwang.org/i/?p=554
561,https://diff.im/blog/?p=561,/blog/2009/12/怎么办/,怎么办,http://www.wangwangwang.org/i/?p=561
578,https://diff.im/blog/?p=578,/blog/2010/01/女儿以琳/,女儿，以琳,http://www.wangwangwang.org/i/?p=578
585,https://diff.im/blog/?p=585,/blog/2010/01/生活态度/,生活态度,http://www.wangwangwang.org/i/?p=585
686,https://diff.im/blog/?p=686,/blog/2009/11/父母/,父母,http://www.wangwangwang.org/i/?p=543
730,https://diff.im/blog/?p=730,/blog/2009/09/小胖子/,小胖子,http://www.wangwangwang.org/i/?p=431
9,https://diff.im/blog/?p=9,/blog/2010/05/近日琐事/,近日琐事,http://www.handhard.com/?p=9
31,https://diff.im/blog/?p=31,/blog/2010/06/神作/,神作,http://www.handhard.com/?p=31
40,https://diff.im/blog/?p=40,/blog/2010/06/破冰/,破冰,http://www.handhard.com/?p=40
56,https://diff.im/blog/?p=56,/blog/2010/06/视觉表现视觉设计/,视觉表现&视觉设计,http://www.handhard.com/?p=56
78,https://diff.im/blog/?p=78,/blog/2010/08/吃东西的elim/,吃东西的Elim,http://www.handhard.com/?p=78
126,https://diff.im/blog/?p=126,/blog/2010/05/写点什么呢/,写点什么呢？,http://www.handhard.com/?p=5
127,https://diff.im/blog/?p=127,/blog/2010/05/尊荣以前必有谦卑/,尊荣以前必有谦卑,http://www.handhard.com/?p=25
128,https://diff.im/blog/?p=128,/blog/2010/05/design-and-innovation-at-apple/,Design and Innovation at Apple,http://www.handhard.com/?p=29
129,https://diff.im/blog/?p=129,/blog/2010/06/德国工业设计大师dieter-rams的十条优秀设计准则/,德国工业设计大师Dieter Rams的十条优秀设计准则,http://www.handhard.com/?p=43
130,https://diff.im/blog/?p=130,/blog/2010/06/凌晨4点零六/,凌晨4点零六,http://www.handhard.com/?p=60
577,https://diff.im/blog/?p=577,/blog/2010/01/规划/,规划,http://www.wangwangwang.org/i/?p=577
618,https://diff.im/blog/?p=618,/blog/2010/02/开始做手工活/,开始做手工活,http://www.wangwangwang.org/i/?p=618
622,https://diff.im/blog/?p=622,/blog/2010/02/我/,我,http://www.wangwangwang.org/i/?p=622
671,https://diff.im/blog/?p=671,/blog/2010/07/对于一个设计师来说最重要和最难的部分是什么/,对于一个设计师来说，最重要和最难的部分是什么？,http://www.handhard.com/?p=64
673,https://diff.im/blog/?p=673,/blog/2010/08/关于时间/,关于时间,http://www.handhard.com/?p=74
674,https://diff.im/blog/?p=674,/blog/2010/09/无能为力/,无能为力,http://www.handhard.com/?p=84
675,https://diff.im/blog/?p=675,/blog/2010/09/忙快乐幸福/,忙，快乐，幸福,http://www.handhard.com/?p=85
676,https://diff.im/blog/?p=676,/blog/2010/09/设计与审美/,设计与审美,http://www.handhard.com/?p=86
731,https://diff.im/blog/?p=731,/blog/2010/02/想象力/,想象力,http://www.wangwangwang.org/i/?p=616
732,https://diff.im/blog/?p=732,/blog/2010/02/爱/,爱,http://www.wangwangwang.org/i/?p=620
88,https://diff.im/blog/?p=88,/blog/2010/10/相信自己的直觉/,相信自己的直觉,http://www.handhard.com/?p=88
106,https://diff.im/blog/?p=106,/blog/2010/10/糊涂的我/,糊涂的我,http://www.handhard.com/?p=106
110,https://diff.im/blog/?p=110,/blog/2010/10/坐火车/,坐火车,http://www.handhard.com/?p=110
114,https://diff.im/blog/?p=114,/blog/2010/10/中风的爷爷/,中风的爷爷,http://www.handhard.com/?p=114
117,https://diff.im/blog/?p=117,/blog/2010/10/乡下妇女/,乡下妇女,http://www.handhard.com/?p=117
138,https://diff.im/blog/?p=138,/blog/2010/11/一些原则/,一些原则,http://www.handhard.com/?p=138
141,https://diff.im/blog/?p=141,/blog/2010/11/安静下来/,安静下来,http://www.handhard.com/?p=141
177,https://diff.im/blog/?p=177,/blog/2010/12/对生活要求少一些/,对生活要求少一些,http://www.handhard.com/?p=177
182,https://diff.im/blog/?p=182,/blog/2010/12/设计和艺术不再是第一位/,设计和艺术不再是第一位,http://www.handhard.com/?p=182
185,https://diff.im/blog/?p=185,/blog/2010/12/祷告的障碍/,祷告的障碍,http://www.handhard.com/?p=185
205,https://diff.im/blog/?p=205,/blog/2010/12/明白两个道理/,明白两个道理,http://www.handhard.com/?p=205
232,https://diff.im/blog/?p=232,/blog/2010/12/梅高总经理高峻在奥美培训会上的演讲/,梅高总经理高峻在奥美培训会上的演讲,http://www.handhard.com/?p=232
256,https://diff.im/blog/?p=256,/blog/2011/01/专注必死/,专注必死？,http://www.handhard.com/?p=256
261,https://diff.im/blog/?p=261,/blog/2011/01/种下一颗种子/,种下一颗种子,http://www.handhard.com/?p=261
263,https://diff.im/blog/?p=263,/blog/2011/01/两个感悟/,两个感悟,http://www.handhard.com/?p=263
278,https://diff.im/blog/?p=278,/blog/2011/01/樱桃与草莓带给我的思考/,樱桃与草莓带给我的思考,http://www.handhard.com/blog/?p=278
677,https://diff.im/blog/?p=677,/blog/2010/09/忘记背后努力面前/,忘记背后，努力面前,http://www.handhard.com/?p=87
678,https://diff.im/blog/?p=678,/blog/2010/10/真实的信仰/,真实的信仰,http://www.handhard.com/?p=94
679,https://diff.im/blog/?p=679,/blog/2010/10/五点半早起的生活/,五点半早起的生活,http://www.handhard.com/?p=95
680,https://diff.im/blog/?p=680,/blog/2010/10/我的关注/,我的关注,http://www.handhard.com/?p=97
210,https://diff.im/blog/?p=210,/blog/2011/05/dior/,Dior,http://www.handhard.com/?p=210
281,https://diff.im/blog/?p=281,/blog/2011/01/11年新作息/,11年新作息,http://www.handhard.com/blog/?p=281
289,https://diff.im/blog/?p=289,/blog/2011/02/关于思考/,关于思考,http://www.handhard.com/blog/?p=289
318,https://diff.im/blog/?p=318,/blog/2011/02/工作台/,工作台,http://www.handhard.com/blog/?p=318
334,https://diff.im/blog/?p=334,/blog/2011/03/需要改变/,需要改变,http://www.handhard.com/blog/?p=334
339,https://diff.im/blog/?p=339,/blog/2011/04/喝酸奶的以琳/,喝酸奶的以琳,http://www.handhard.com/blog/?p=339
369,https://diff.im/blog/?p=369,/blog/2011/06/berrycherry/,Berry&Cherry,http://www.handhard.com/blog/?p=369
380,https://diff.im/blog/?p=380,/blog/2011/06/优势/,优势,http://www.handhard.com/blog/?p=380
383,https://diff.im/blog/?p=383,/blog/2011/06/努力让创意变得不值钱/,努力让创意变得不值钱,http://www.handhard.com/blog/?p=383
386,https://diff.im/blog/?p=386,/blog/2011/06/别再做随意性的决定/,别再做随意性的决定,http://www.handhard.com/blog/?p=386
403,https://diff.im/blog/?p=403,/blog/2011/09/个人突破/,个人突破,http://handhard.com/blog/?p=403
408,https://diff.im/blog/?p=408,/blog/2011/09/2011年第三季度/,2011年第三季度,http://handhard.com/blog/?p=408
414,https://diff.im/blog/?p=414,/blog/2011/10/简单/,简单,http://handhard.com/blog/?p=414
417,https://diff.im/blog/?p=417,/blog/2011/10/创业的本质/,创业的本质,http://handhard.com/blog/?p=417
421,https://diff.im/blog/?p=421,/blog/2011/10/关于社区/,关于社区,http://handhard.com/blog/?p=421
425,https://diff.im/blog/?p=425,/blog/2011/10/简单/,简单,http://handhard.com/blog/?p=425
428,https://diff.im/blog/?p=428,/blog/2011/10/归感谢给神/,归感谢给神,http://handhard.com/blog/?p=428
431,https://diff.im/blog/?p=431,/blog/2011/10/幸福感/,幸福感,http://handhard.com/blog/?p=431
447,https://diff.im/blog/?p=447,/blog/2011/11/近照/,近照,http://handhard.com/blog/?p=447
681,https://diff.im/blog/?p=681,/blog/2011/05/悲惨的钉子/,悲惨的钉子,http://www.handhard.com/?p=22
461,https://diff.im/blog/?p=461,/blog/2011/11/乐观态度/,乐观态度,http://handhard.com/blog/?p=461
466,https://diff.im/blog/?p=466,/blog/2011/11/设计视角/,设计视角,http://handhard.com/blog/?p=466
472,https://diff.im/blog/?p=472,/blog/2011/11/code-sign-error-provisioning-profile-xxxx-cant-be-found解决方法/,Code Sign error: Provisioning profile XXXX can't be found解决方法,http://handhard.com/blog/?p=472
474,https://diff.im/blog/?p=474,/blog/2011/11/神的恩典鼻子/,神的恩典－鼻子,http://handhard.com/blog/?p=474
479,https://diff.im/blog/?p=479,/blog/2011/11/stamped/,Stamped,http://handhard.com/blog/?p=479
486,https://diff.im/blog/?p=486,/blog/2011/12/用户心态/,用户心态,http://handhard.com/blog/?p=486
489,https://diff.im/blog/?p=489,/blog/2011/12/为什么信仰生活那么难/,为什么信仰生活那么难？,http://handhard.com/blog/?p=489
512,https://diff.im/blog/?p=512,/blog/2012/01/2012年计划/,2012年计划,http://handhard.com/blog/?p=512
526,https://diff.im/blog/?p=526,/blog/2012/01/做点小事情/,做点小事情,http://handhard.com/blog/?p=526
531,https://diff.im/blog/?p=531,/blog/2012/01/回归本质/,回归本质,http://handhard.com/blog/?p=531
538,https://diff.im/blog/?p=538,/blog/2012/01/为用户设计/,为用户设计,http://handhard.com/blog/?p=538
543,https://diff.im/blog/?p=543,/blog/2012/03/开始了/,开始了,http://handhard.com/blog/?p=543
609,https://diff.im/blog/?p=609,/blog/2012/04/信或不信/,信或不信,http://handhard.com/blog/?p=609
616,https://diff.im/blog/?p=616,/blog/2012/04/所爱/,所爱,http://handhard.com/blog/?p=616
620,https://diff.im/blog/?p=620,/blog/2012/04/个人价值/,个人价值,http://handhard.com/blog/?p=620
623,https://diff.im/blog/?p=623,/blog/2012/04/变得成熟/,变得成熟,http://handhard.com/blog/?p=623
625,https://diff.im/blog/?p=625,/blog/2012/04/关于画画/,关于画画,http://handhard.com/blog/?p=625
632,https://diff.im/blog/?p=632,/blog/2012/04/玩设计/,玩设计,http://handhard.com/blog/?p=632
646,https://diff.im/blog/?p=646,/blog/2012/05/设计师的态度/,设计师的态度,http://handhard.com/blog/?p=646
660,https://diff.im/blog/?p=660,/blog/2012/05/否定自己/,否定自己,http://handhard.com/blog/?p=660
8,https://diff.im/blog/?p=8,/blog/2016/08/家/,家,http://diff.im/?p=8
15,https://diff.im/blog/?p=15,/blog/2016/08/我的盼望/,我的盼望,http://diff.im/?p=15
19,https://diff.im/blog/?p=19,/blog/2016/08/山河故人/,山河故人,http://diff.im/?p=19
21,https://diff.im/blog/?p=21,/blog/2016/08/世无易事/,世无易事,http://diff.im/?p=21
33,https://diff.im/blog/?p=33,/blog/2016/08/献上最宝贵/,献上最宝贵,http://diff.im/?p=33
35,https://diff.im/blog/?p=35,/blog/2016/08/争战/,争战,http://diff.im/?p=35
38,https://diff.im/blog/?p=38,/blog/2016/08/务要传道/,务要传道,http://diff.im/?p=38
45,https://diff.im/blog/?p=45,/blog/2016/08/淫乱/,淫乱,http://diff.im/?p=45
52,https://diff.im/blog/?p=52,/blog/2016/09/爱惜光阴/,爱惜光阴,http://diff.im/?p=52
60,https://diff.im/blog/?p=60,/blog/2016/09/软弱/,软弱,http://diff.im/?p=60
63,https://diff.im/blog/?p=63,/blog/2016/09/功课/,功课,http://diff.im/?p=63
65,https://diff.im/blog/?p=65,/blog/2016/09/不买房有自由/,不买房，有自由,http://diff.im/?p=65
72,https://diff.im/blog/?p=72,/blog/2016/10/软弱中的祷告/,软弱中的祷告,http://diff.im/?p=72
79,https://diff.im/blog/?p=79,/blog/2018/11/2018-感恩节题目/,2018 感恩节题目,http://diff.im/?p=79
94,https://diff.im/blog/?p=94,/blog/2019/01/做设计的初心审视与回顾/,做设计的初心审视与回顾,http://diff.im/?p=94
754,https://diff.im/blog/?p=754,/blog/2016/08/五分钟写作/,五分钟写作,http://diff.im/?p=28
755,https://diff.im/blog/?p=755,/blog/2016/08/秋/,秋,http://diff.im/?p=43
760,https://diff.im/blog/?p=760,/blog/2019/02/2019-春节几件事/,2019 春节几件事,http://diff.im/?p=760
762,https://diff.im/blog/?p=762,/blog/2019/02/读书笔记富能仁传/,读书笔记《富能仁传》,http://diff.im/?p=762
925,https://diff.im/blog/?p=925,/blog/2019/10/信仰低谷-过不了神迹这个关/,信仰低谷 - 过不了「神迹」这个关,http://diff.im/blog/?p=925
938,https://diff.im/blog/?p=938,/blog/2019/10/读在家自学的四个孩子/,读《在家自学的四个孩子》,http://diff.im/blog/?p=938
950,https://diff.im/blog/?p=950,/blog/2020/03/2020.03.23-写日记/,2020.03.23 - 写日记,http://diff.im/blog/?p=950
953,https://diff.im/blog/?p=953,/blog/2020/03/2020.03.24-朋友与敲门/,2020.03.24 - 朋友与敲门,http://diff.im/blog/?p=953
957,https://diff.im/blog/?p=957,/blog/2020/03/2020.03.25-做个设计工作室/,2020.03.25 - 做个设计工作室？,http://diff.im/blog/?p=957
960,https://diff.im/blog/?p=960,/blog/2020/03/2020.03.26-节奏/,2020.03.26 - 节奏,http://diff.im/blog/?p=960
965,https://diff.im/blog/?p=965,/blog/2020/03/2020.03.29-图形设计是真爱之一/,2020.03.29 - 图形设计是真爱（之一）,http://diff.im/blog/?p=965
972,https://diff.im/blog/?p=972,/blog/2020/03/2020.03.30-今年的四分之一已过去/,2020.03.30 - 今年的四分之一已过去,http://diff.im/blog/?p=972
974,https://diff.im/blog/?p=974,/blog/2020/04/2020.04.01-爱与婚姻/,2020.04.01 - 爱与婚姻,http://diff.im/blog/?p=974
977,https://diff.im/blog/?p=977,/blog/2020/04/关于死亡-2020.04.04/,关于死亡 - 2020.04.04,http://diff.im/blog/?p=977
979,https://diff.im/blog/?p=979,/blog/2020/04/记美术启蒙老师陈静宇-20200405/,记美术启蒙老师陈静宇 - 20200405,http://diff.im/blog/?p=979
985,https://diff.im/blog/?p=985,/blog/2020/04/不轻易妥协-20200408/,不轻易妥协 - 20200408,http://diff.im/blog/?p=985
987,https://diff.im/blog/?p=987,/blog/2020/04/怎么做好一场设计培训-20200409/,怎么做好一场（设计）培训？ - 20200409,http://diff.im/blog/?p=987
993,https://diff.im/blog/?p=993,/blog/2020/04/内向的前上市公司设计总监是如何一步一步提高演讲表达能力-20200412/,内向的前上市公司设计总监，是如何一步一步提高「演讲&表达」能力？ - 20200412,http://diff.im/blog/?p=993
997,https://diff.im/blog/?p=997,/blog/2020/04/前上市公司中年设计总监职业垂死挣扎之功夫不能丢-20200416/,前上市公司中年设计总监「职业垂死挣扎之：功夫不能丢」- 20200416,http://diff.im/blog/?p=997
1011,https://diff.im/blog/?p=1011,/blog/2020/05/我加入流利说的故事-来自流利说第-7-号员工/前设计总监的分享/,我加入流利说的故事 - 来自流利说第 7 号员工/前设计总监的分享,http://diff.im/blog/?p=1011
1050,https://diff.im/blog/?p=1050,/blog/2020/07/关于设计决策-写给老板/,关于设计决策 – 写给老板,http://diff.im/blog/?p=1050
1055,https://diff.im/blog/?p=1055,/blog/2020/07/买了把有点贵的人体工学椅-herman-miller-aeron/,买了把有点贵的人体工学椅 - Herman Miller Aeron,http://diff.im/blog/?p=1055
1065,https://diff.im/blog/?p=1065,/blog/2020/07/随感-2020.07.18/,随感 2020.07.18,http://diff.im/blog/?p=1065
1068,https://diff.im/blog/?p=1068,/blog/2020/07/读书笔记-老板这种设计没人买/,读书笔记 - 老板，这种设计没人买！,http://diff.im/blog/?p=1068
1082,https://diff.im/blog/?p=1082,/blog/2020/08/如果孩子在地铁站和父母分开了怎么办聊聊我们家的意外经历/,如果孩子在地铁站，和父母分开了，怎么办？聊聊我们家的意外经历,http://diff.im/blog/?p=1082
1086,https://diff.im/blog/?p=1086,/blog/2020/08/愤青如何生存/,愤青如何生存？,http://diff.im/blog/?p=1086
1122,https://diff.im/blog/?p=1122,/blog/2020/08/女儿-linda-4-年级期末家长会记录/,女儿 Linda 4 年级期末家长会记录,http://diff.im/blog/?p=1122
1129,https://diff.im/blog/?p=1129,/blog/2020/09/公众号即将更名diff客旅日记/,公众号即将更名：Diff客旅日记,http://diff.im/blog/?p=1129
1134,https://diff.im/blog/?p=1134,/blog/2020/09/谈孩子的教育使命热情知识/,谈孩子的教育：使命、热情、知识,http://diff.im/blog/?p=1134
1138,https://diff.im/blog/?p=1138,/blog/2020/09/宝妈生存指南早上孩子上学如何避免鸡飞狗跳/,宝妈生存指南：早上孩子上学，如何避免「鸡飞狗跳」？,http://diff.im/blog/?p=1138
1142,https://diff.im/blog/?p=1142,/blog/2020/09/记念中学校长-杨东付/,记念中学校长 - 杨东付,http://diff.im/blog/?p=1142
1145,https://diff.im/blog/?p=1145,/blog/2020/09/开一个设计工作室你需要了解的事情.../,开一个设计工作室，你需要了解的事情...,http://diff.im/blog/?p=1145
1165,https://diff.im/blog/?p=1165,/blog/2020/09/年轻人要不要学习投资理财新韭妄言录/,年轻人要不要学习投资理财？新韭妄言录,https://diff.im/blog/?p=1165
1170,https://diff.im/blog/?p=1170,/blog/2020/09/如果父母将用在孩子身上的狠劲用在自己身上/,如果，父母将用在孩子身上的「狠劲」，用在自己身上…,https://diff.im/blog/?p=1170
1173,https://diff.im/blog/?p=1173,/blog/2020/10/一次被黑客敲诈的经历/,一次被黑客敲诈的经历,https://diff.im/blog/?p=1173
1176,https://diff.im/blog/?p=1176,/blog/2020/10/和-10-岁女儿的一次持续-2-天的冷战/,和 10 岁女儿的一次持续 2 天的冷战,https://diff.im/blog/?p=1176
1178,https://diff.im/blog/?p=1178,/blog/2020/10/周哥与沙姐/,周哥与沙姐,https://diff.im/blog/?p=1178
1182,https://diff.im/blog/?p=1182,/blog/2020/10/读价值投资与中国-上篇/,读《价值投资与中国》 上篇,https://diff.im/blog/?p=1182
1185,https://diff.im/blog/?p=1185,/blog/2020/11/给父母做一个访谈聊天/,给父母做一个「访谈」聊天,https://diff.im/blog/?p=1185
1187,https://diff.im/blog/?p=1187,/blog/2020/11/买股票就是买公司/,买股票就是买公司,https://diff.im/blog/?p=1187
1193,https://diff.im/blog/?p=1193,/blog/2020/12/聊聊孩子学画画这件事/,聊聊孩子学画画这件事,https://diff.im/blog/?p=1193
1195,https://diff.im/blog/?p=1195,/blog/2021/01/后来的生命能力/,后来的生命能力。,https://diff.im/blog/?p=1195
1197,https://diff.im/blog/?p=1197,/blog/2021/01/敬拜/,敬拜,https://diff.im/blog/?p=1197
1199,https://diff.im/blog/?p=1199,/blog/2021/01/与耶稣亲密/,与耶稣亲密,https://diff.im/blog/?p=1199
1202,https://diff.im/blog/?p=1202,/blog/2021/01/我的祭是活的吗/,我的祭是活的吗？,https://diff.im/blog/?p=1202
1204,https://diff.im/blog/?p=1204,/blog/2021/01/求神省察/,求神省察,https://diff.im/blog/?p=1204
1206,https://diff.im/blog/?p=1206,/blog/2021/01/我对神的顺服将损害别人的利益/,我对神的顺服，将损害别人的利益,https://diff.im/blog/?p=1206
1208,https://diff.im/blog/?p=1208,/blog/2021/01/你曾独自与神同在么/,你曾独自与神同在么？,https://diff.im/blog/?p=1208
1210,https://diff.im/blog/?p=1210,/blog/2021/01/你曾独自与神同在么二/,你曾独自与神同在么？（二）,https://diff.im/blog/?p=1210
1212,https://diff.im/blog/?p=1212,/blog/2021/01/被神选召/,被神选召,https://diff.im/blog/?p=1212
1214,https://diff.im/blog/?p=1214,/blog/2021/01/do-you-walk-in-white/,Do you walk in White?,https://diff.im/blog/?p=1214
1216,https://diff.im/blog/?p=1216,/blog/2021/01/是主/,是主！,https://diff.im/blog/?p=1216
1218,https://diff.im/blog/?p=1218,/blog/2021/01/黑暗与异象/,黑暗与异象,https://diff.im/blog/?p=1218
1220,https://diff.im/blog/?p=1220,/blog/2021/01/are-you-fresh-for-everything/,Are you fresh for everything?,https://diff.im/blog/?p=1220
1224,https://diff.im/blog/?p=1224,/blog/2021/01/想想神记得什么/,想想神记得什么？,https://diff.im/blog/?p=1224
1226,https://diff.im/blog/?p=1226,/blog/2021/01/我仰望什么/,我仰望什么？,https://diff.im/blog/?p=1226
1228,https://diff.im/blog/?p=1228,/blog/2021/01/因仰望而改变-transformed-by-insight/,因仰望而改变 Transformed by Insight,https://diff.im/blog/?p=1228
1230,https://diff.im/blog/?p=1230,/blog/2021/01/为神留出空间-leave-room-for-god./,为神留出空间 Leave Room for God.,https://diff.im/blog/?p=1230
1232,https://diff.im/blog/?p=1232,/blog/2021/01/专心省察重新奉献-look-again-and-consecrate/,专心省察，重新奉献 Look Again And Consecrate,https://diff.im/blog/?p=1232
1234,https://diff.im/blog/?p=1234,/blog/2021/01/不要忧虑-be-anxious-for-nothing./,不要忧虑 Be anxious for nothing.,https://diff.im/blog/?p=1234
1236,https://diff.im/blog/?p=1236,/blog/2021/01/我这样逼迫耶稣实在不可思议/,我这样逼迫耶稣实在不可思议,https://diff.im/blog/?p=1236
1238,https://diff.im/blog/?p=1238,/blog/2021/01/我这样无知实在难以置信/,我这样无知，实在难以置信,https://diff.im/blog/?p=1238
1240,https://diff.im/blog/?p=1240,/blog/2021/02/神的呼召/,神的呼召,https://diff.im/blog/?p=1240
1242,https://diff.im/blog/?p=1242,/blog/2021/02/呼召的催逼/,呼召的催逼,https://diff.im/blog/?p=1242
1244,https://diff.im/blog/?p=1244,/blog/2021/02/被看作世上的污秽万物中的渣滓/,被看作世上的污秽，万物中的渣滓。,https://diff.im/blog/?p=1244
1246,https://diff.im/blog/?p=1246,/blog/2021/02/你准备好为建立他人献上自己被浇奠吗/,你准备好为建立他人，献上自己被浇奠吗？,https://diff.im/blog/?p=1246
1248,https://diff.im/blog/?p=1248,/blog/2021/02/你的灵疲惫不堪吗are-you-exhausted-spiritually/,你的灵，疲惫不堪吗？Are you Exhausted Spiritually?,https://diff.im/blog/?p=1248
1250,https://diff.im/blog/?p=1250,/blog/2021/02/你对神的想象力衰退了吗is-your-imagination-of-god-starved/,你对神的想象力衰退了吗？Is Your Imagination of God Starved?,https://diff.im/blog/?p=1250
1252,https://diff.im/blog/?p=1252,/blog/2021/02/抗拒绝望的动力-the-initiative-against-despair./,抗拒绝望的动力 The Initiative Against Despair.,https://diff.im/blog/?p=1252
1254,https://diff.im/blog/?p=1254,/blog/2021/02/应对苦差事的动力-the-initiative-against-drudgery./,应对苦差事的动力 The Initiative Against Drudgery.,https://diff.im/blog/?p=1254
1256,https://diff.im/blog/?p=1256,/blog/2021/02/对抗听道之后仍旧空想的动力-the-initiative-against-dreaming./,对抗「听道之后，仍旧空想」的动力 The Initiative Against Dreaming.,https://diff.im/blog/?p=1256
1258,https://diff.im/blog/?p=1258,/blog/2021/02/事奉的决心-the-determination-to-serve/,事奉的决心 The Determination to Serve,https://diff.im/blog/?p=1258
1260,https://diff.im/blog/?p=1260,/blog/2021/03/你感到主耶稣的刺伤吗have-you-felt-the-hurt-of-the-lord/,你感到主耶稣的刺伤吗？Have You Felt The Hurt of The Lord?,https://diff.im/blog/?p=1260
1262,https://diff.im/blog/?p=1262,/blog/2021/03/放不下的使命-the-unrelieved-quest/,放不下的使命 The Unrelieved Quest,https://diff.im/blog/?p=1262
1264,https://diff.im/blog/?p=1264,/blog/2021/03/他真的是主吗is-he-really-my-lord/,他真的是主吗？Is He Really My Lord?,https://diff.im/blog/?p=1264
1266,https://diff.im/blog/?p=1266,/blog/2021/03/读软弱之道-靠主得力的人生/,读《软弱之道 - 靠主得力的人生》,https://diff.im/blog/?p=1266
1268,https://diff.im/blog/?p=1268,/blog/2021/03/我必要按自己所行的在基督台前受审判-the-master-assizes/,我必要按自己所行的，在基督台前受审判 The Master Assizes,https://diff.im/blog/?p=1268
1270,https://diff.im/blog/?p=1270,/blog/2021/03/他必兴旺我必衰微-decreasing-into-his-purpose./,他必兴旺，我必衰微 Decreasing into His Purpose.,https://diff.im/blog/?p=1270
1273,https://diff.im/blog/?p=1273,/blog/2021/04/你会得到什么-what-you-will-get/,你会得到什么？ What You Will Get?,https://diff.im/blog/?p=1273
1275,https://diff.im/blog/?p=1275,/blog/2021/05/视角的转变/,视角的转变,https://diff.im/blog/?p=1275
1277,https://diff.im/blog/?p=1277,/blog/2021/05/为永恒去劳力建造-building-for-eternity./,为永恒去劳力、建造 Building For Eternity.,https://diff.im/blog/?p=1277
1279,https://diff.im/blog/?p=1279,/blog/2021/05/要爱惜光阴因为现今的世代邪恶/,要爱惜光阴，因为现今的世代邪恶。,https://diff.im/blog/?p=1279
1284,https://diff.im/blog/?p=1284,/blog/2021/07/长沙/,长沙,https://diff.im/blog/?p=1284
1286,https://diff.im/blog/?p=1286,/blog/2021/08/聊一聊学英语这件事/,聊一聊「学英语」这件事,https://diff.im/blog/?p=1286
1290,https://diff.im/blog/?p=1290,/blog/2021/11/外地南瓜/,外地南瓜,https://diff.im/blog/?p=1290
1292,https://diff.im/blog/?p=1292,/blog/2021/11/2021-感恩题目/,2021 感恩题目,https://diff.im/blog/?p=1292
1417,https://diff.im/blog/?p=1417,/blog/2022/03/聊聊路亚钓鱼/,聊聊路亚钓鱼,https://diff.im/blog/?p=1417
1420,https://diff.im/blog/?p=1420,/blog/2022/03/秦制两千年-封建帝王的权力规则简评/,《秦制两千年 - 封建帝王的权力规则》简评,https://diff.im/blog/?p=1420
1428,https://diff.im/blog/?p=1428,/blog/2022/03/阅读的力量读书简评/,《阅读的力量》读书简评,https://diff.im/blog/?p=1428
1430,https://diff.im/blog/?p=1430,/blog/2022/04/人的骄傲-vs-神的荣耀/,人的骄傲 vs 神的荣耀,https://diff.im/blog/?p=1430
1437,https://diff.im/blog/?p=1437,/blog/2022/09/人生下半场换个时区生活/,人生下半场，换个时区生活,https://diff.im/blog/?p=1437
1457,https://diff.im/blog/?p=1457,/blog/2022/10/老家拆迁记念/,老家、拆迁、记念,https://diff.im/blog/?p=1457
1459,https://diff.im/blog/?p=1459,/blog/2022/10/前上海人登陆美国54天后感染新冠的经历/,前「上海人」登陆美国54天后感染新冠的经历,https://diff.im/blog/?p=1459
1461,https://diff.im/blog/?p=1461,/blog/2022/10/由绿卡身份展开的思考/,由绿卡身份展开的思考,https://diff.im/blog/?p=1461
1468,https://diff.im/blog/?p=1468,/blog/2022/12/2022-感恩题目/,2022 感恩题目,https://diff.im/blog/?p=1468
1473,https://diff.im/blog/?p=1473,/blog/2023/02/忙碌背后的一点想法/,忙碌背后的一点想法,https://diff.im/blog/?p=1473
1645,https://diff.im/blog/?p=1645,/blog/2023/05/一位基督徒设计师-2013-2019-参与流利说创业的日记/,一位基督徒设计师 2013-2019 参与流利说创业的日记,https://diff.im/blog/?p=1645
1661,https://diff.im/blog/?p=1661,/blog/2023/07/重读乔布斯传/,重读《乔布斯传》,https://diff.im/blog/?p=1661
1674,https://diff.im/blog/?p=1674,/blog/2023/11/做什么/,做什么？,https://diff.im/blog/?p=1674
1676,https://diff.im/blog/?p=1676,/blog/2023/11/重拾绘画/,重拾绘画,https://diff.im/blog/?p=1676
1679,https://diff.im/blog/?p=1679,/blog/2023/12/2023-感恩题目/,2023 感恩题目,https://diff.im/blog/?p=1679
1682,https://diff.im/blog/?p=1682,/blog/2024/07/继续写一写/,继续写一写,https://diff.im/blog/?p=1682
1684,https://diff.im/blog/?p=1684,/blog/2024/07/美股投资小白的5年微小总结/,美股投资小白的5年微小总结,https://diff.im/blog/?p=1684
1686,https://diff.im/blog/?p=1686,/blog/2024/07/聊设计-用户没有发现这个功能/,聊设计 - 用户没有发现这个功能？,https://diff.im/blog/?p=1686
1688,https://diff.im/blog/?p=1688,/blog/2024/07/美利坚生活体会之-stop-sign/,「美利坚生活体会」之 Stop Sign,https://diff.im/blog/?p=1688
1690,https://diff.im/blog/?p=1690,/blog/2024/08/上帝的速度/,上帝的速度,https://diff.im/blog/?p=1690
1692,https://diff.im/blog/?p=1692,/blog/2024/08/搬家dallas/,搬家Dallas,https://diff.im/blog/?p=1692
1694,https://diff.im/blog/?p=1694,/blog/2024/10/设计钓鱼木工/,设计、钓鱼、木工,https://diff.im/blog/?p=1694
1696,https://diff.im/blog/?p=1696,/blog/2024/11/一封挽回550美金的邮件/,一封挽回550美金的邮件,https://diff.im/blog/?p=1696
1698,https://diff.im/blog/?p=1698,/blog/2024/11/低谷/,低谷,https://diff.im/blog/?p=1698
1700,https://diff.im/blog/?p=1700,/blog/2024/12/2024-感恩题目/,2024 感恩题目,https://diff.im/blog/?p=1700
1703,https://diff.im/blog/?p=1703,/blog/2024/12/开放自己/,开放自己,https://diff.im/blog/?p=1703
1705,https://diff.im/blog/?p=1705,/blog/2025/04/信仰反思/,信仰反思,https://diff.im/blog/?p=1705
1707,https://diff.im/blog/?p=1707,/blog/2025/04/花粉过敏/,花粉过敏,https://diff.im/blog/?p=1707
1709,https://diff.im/blog/?p=1709,/blog/2025/04/关于钓鱼/,关于钓鱼,https://diff.im/blog/?p=1709
1711,https://diff.im/blog/?p=1711,/blog/2025/04/信仰与设计的张力关于狠人的反思/,信仰与设计的张力：关于“狠人”的反思,https://diff.im/blog/?p=1711
1713,https://diff.im/blog/?p=1713,/blog/2025/04/儿子安然/,儿子安然,https://diff.im/blog/?p=1713
1715,https://diff.im/blog/?p=1715,/blog/2025/04/流行音乐与赞美诗/,流行音乐与赞美诗,https://diff.im/blog/?p=1715
1717,https://diff.im/blog/?p=1717,/blog/2025/04/闲聊安全边际/,闲聊安全边际,https://diff.im/blog/?p=1717
1719,https://diff.im/blog/?p=1719,/blog/2025/04/生病的感受/,生病的感受,https://diff.im/blog/?p=1719
1721,https://diff.im/blog/?p=1721,/blog/2025/04/基督信仰与股票投资/,基督信仰与股票投资,https://diff.im/blog/?p=1721
1723,https://diff.im/blog/?p=1723,/blog/2025/04/设计师不要做消极的妥协/,设计师不要做消极的妥协,https://diff.im/blog/?p=1723
1725,https://diff.im/blog/?p=1725,/blog/2025/04/做木工又贵又累还费时间为什么我坚持做/,做木工又贵又累还费时间，为什么我坚持做？,https://diff.im/blog/?p=1725
1738,https://diff.im/blog/?p=1738,/blog/2025/07/开始参加教会祷告会/,开始参加教会祷告会,https://diff.im/blog/?p=1738
1743,https://diff.im/blog/?p=1743,/blog/2026/04/感恩-2025/,感恩 2025,https://diff.im/blog/?p=1743
